{
    "Event": [
        {
            "AND": [
                {
                    "type": "==",
                    "value_left": {
                        "name": "回合数",
                        "param": "round",
                        "type": "number"
                    },
                    "value_right": {
                        "code": "20",
                        "type": "number"
                    }
                }
            ],
            "SEQUENCE": [
                {
                    "ACTION": "CALL",
                    "function": "LevelAIHelper.LevelFailed",
                    "id": 1101,
                    "params": [
                    ]
                }
            ],
            "event_name": "关卡失败1",
            "event_type": {
                "name": "BEFORE_ROUND_END"
            }
        },
        {
            "AND": [
                {
                    "type": "==",
                    "value_left": {
                        "call": {
                            "function": "LevelAIHelper.AliveCount",
                            "id": 1102,
                            "params": [
                                {
                                    "code": "1",
                                    "type": ""
                                }
                            ]
                        },
                        "type": "number"
                    },
                    "value_right": {
                        "code": "0",
                        "type": ""
                    }
                }
            ],
            "SEQUENCE": [
                {
                    "ACTION": "CALL",
                    "function": "LevelAIHelper.LevelFailed",
                    "id": 1101,
                    "params": [
                    ]
                }
            ],
            "event_name": "关卡失败2",
            "event_type": {
                "name": "DEAD"
            }
        },
        {
            "AND": [
                {
                    "type": "==",
                    "value_left": {
                        "call": {
                            "function": "LevelAIHelper.AliveCount",
                            "id": 1102,
                            "params": [
                                {
                                    "code": "21",
                                    "type": ""
                                }
                            ]
                        },
                        "type": "number"
                    },
                    "value_right": {
                        "code": "0",
                        "type": ""
                    }
                }
            ],
            "SEQUENCE": [
                {
                    "ACTION": "CALL",
                    "function": "LevelAIHelper.LevelSuccess",
                    "id": 1100,
                    "params": [
                    ]
                },
                {
                    "ACTION": "SET_VAR",
                    "id": 1,
                    "name": "但是得到",
                    "value": {
                        "code": "nil",
                        "type": ""
                    }
                },
                {
                    "ACTION": "LOOP",
                    "SEQUENCE": [
                        {
                            "ACTION": "IF",
                            "AND": [
                            ],
                            "else": [
                                {
                                    "ACTION": "BREAK"
                                }
                            ],
                            "then": [
                            ]
                        }
                    ]
                },
                {
                    "ACTION": "BREAK"
                }
            ],
            "event_name": "关卡胜利",
            "event_type": {
                "name": "DEAD"
            }
        }
    ],
    "Var": [
        {
            "id": 1,
            "initValue": {
                "code": "nil",
                "type": "number"
            },
            "name": "但是得到",
            "type": "number"
        }
    ]
}
